{"sum_of_weights": [[4, -0.0943937868623051], [6, 0.25467214790461085], [7, 0.015901573200078803], [8, 0.20190716472581516], [3, -0.2683733149029302], [9, 0.11003347227451975], [1, -0.09114662015868884], [5, -0.13761430914917458], [2, 0.2005148023086813], [0, 0.07342675535560565]], "sum_of_squares": [[4, 0.044084732265737954], [6, 0.039667747870025596], [7, 0.030652409842610008], [8, 0.020421496453835977], [3, 0.04210386210565795], [9, 0.006780371810567425], [1, 0.0053409352997386365], [5, 0.011745580162928598], [2, 0.04797047151675802], [0, 0.005211360114820437]], "iteration": 2, "standard_deviations": [[4, 0.1990719436953254], [6, 0.08508111665258988], [7, 0.17471685616302532], [8, 0.006184243690803908], [3, 0.07804962542936565], [9, 0.026957175300347632], [1, 0.03445405805652631], [5, 0.04771510370549665], [2, 0.16693525255114106], [0, 0.05015591603982979]], "average_weights": [[4, -0.04719689343115255], [6, 0.12733607395230542], [7, 0.007950786600039401], [8, 0.10095358236290758], [3, -0.1341866574514651], [9, 0.055016736137259874], [1, -0.04557331007934442], [5, -0.06880715457458729], [2, 0.10025740115434065], [0, 0.036713377677802826]], "image_title": "00784_gun_wielder.jpg"}