{"sum_of_weights": [[4, 0.34258247751161647], [12, -0.2429595281769693], [0, -0.09420148420810398], [10, 0.17584429746234292], [3, 0.046189241828391514], [7, -0.24869300482702475], [1, 0.3320627016646889], [6, 0.2916469236242334], [8, 0.8524100804261387], [5, 0.13787029843263332], [2, 0.2186631979004277], [11, -0.1039507670541571], [9, 0.08090260995735371]], "sum_of_squares": [[4, 0.10737885141884575], [12, 0.13106553971722248], [0, 0.0647502604360788], [10, 0.09184075857203378], [3, 0.10014607715829794], [7, 0.15635610952049447], [1, 0.10503265956094716], [6, 0.03399828394799904], [8, 0.15086576062577384], [5, 0.06628593984489295], [2, 0.03801313678839495], [11, 0.04800956528919153], [9, 0.061483837734600255]], "iteration": 7, "standard_deviations": [[4, 0.12289069921352325], [12, 0.14296431836622248], [0, 0.10286119905988222], [10, 0.12070863119159247], [3, 0.12899696323921037], [7, 0.15680170644066335], [1, 0.12198389619416573], [6, 0.06034228943849331], [8, 0.08856762000602388], [5, 0.10293240497256848], [2, 0.07209094180645044], [11, 0.08800178502697073], [9, 0.10045629609369465]], "average_weights": [[4, 0.048940353930230926], [12, -0.03470850402528133], [0, -0.013457354886871997], [10, 0.025120613923191846], [3, 0.006598463118341645], [7, -0.035527572118146396], [1, 0.04743752880924127], [6, 0.04166384623203334], [8, 0.12177286863230553], [5, 0.019695756918947618], [2, 0.0312375997000611], [11, -0.0148501095791653], [9, 0.011557515708193387]], "image_title": "00513_gun_wielder.jpg"}