{"sum_of_weights": [[6, -0.005191428817176658], [10, 0.21963568200494268], [15, -0.45177403767827073], [2, -0.26807159481323156], [0, 0.31728498987254106], [8, -0.11108193217546597], [14, -0.15960530164766001], [1, -0.19967221418495928], [4, -0.023816854414279658], [13, 0.25373997793769487], [7, -0.28864987407457454], [3, -0.2014787593621753], [12, 0.1191607531384563], [5, -0.01317101695305141], [9, -0.1020714356284396], [11, 0.05487158715278957], [16, -0.08706418508795714]], "sum_of_squares": [[6, 0.10113694787972459], [10, 0.08708182972420324], [15, 0.10366726840343207], [2, 0.022970243563674084], [0, 0.027027821292462118], [8, 0.05587329370510585], [14, 0.044606009916519224], [1, 0.058333085166113685], [4, 0.04538161250030498], [13, 0.01915527680432536], [7, 0.037023418100685115], [3, 0.03825862359714762], [12, 0.030682749172682752], [5, 0.05758228612679105], [9, 0.04496404596606256], [11, 0.1018372327068522], [16, 0.05528491978522365]], "iteration": 5, "standard_deviations": [[6, 0.15900594147160965], [10, 0.1391347037606434], [15, 0.1253468310124019], [2, 0.046362073871140094], [0, 0.04151466106322687], [8, 0.11554810099471441], [14, 0.09938717152343042], [1, 0.11220437440515503], [4, 0.10638158204015719], [13, 0.03961843486169344], [7, 0.07134365448312759], [3, 0.08680421289073957], [12, 0.08343094772771362], [5, 0.11994539485665502], [9, 0.1035378316991094], [11, 0.15908728303318195], [16, 0.11594059396973266]], "average_weights": [[6, -0.0010382857634353316], [10, 0.04392713640098854], [15, -0.09035480753565414], [2, -0.05361431896264631], [0, 0.06345699797450821], [8, -0.022216386435093195], [14, -0.031921060329532], [1, -0.03993444283699186], [4, -0.004763370882855932], [13, 0.05074799558753897], [7, -0.05772997481491491], [3, -0.04029575187243506], [12, 0.02383215062769126], [5, -0.002634203390610282], [9, -0.020414287125687918], [11, 0.010974317430557915], [16, -0.01741283701759143]], "image_title": "01705_non-wielder.jpg"}