{"sum_of_weights": [[2, -0.34493969272716185], [6, 0.3331368067718428], [1, 0.27601260541512773], [14, -0.20817911825358015], [4, -0.1324359171366832], [7, 0.12579063977396582], [9, 0.10425717835825613], [10, 0.08863782997134766], [5, -0.07693591911702917], [0, 0.06803920803941867], [12, 0.04876343244433756], [11, 0.03615332081652394], [8, -0.03062723614345407], [3, 0.017633670617138487], [13, 0.002967274292470322]], "sum_of_squares": [[2, 0.11898339161870883], [6, 0.11098013202614014], [1, 0.076182958348047], [14, 0.04333854527683811], [4, 0.01753927214783442], [7, 0.015823285054743633], [9, 0.010869559239225229], [10, 0.007856664902029537], [5, 0.0059191356503820545], [0, 0.004629333830631294], [12, 0.0023778723437534732], [11, 0.0013070626060625032], [8, 0.0009380275937868993], [3, 0.0003109463394337332], [13, 8.80471672675525e-06]], "iteration": 1, "standard_deviations": [[2, 0], [6, 0], [1, 0], [14, 0], [4, 0], [7, 0], [9, 0], [10, 0], [5, 0], [0, 0], [12, 0], [11, 0], [8, 0], [3, 0], [13, 0]], "average_weights": [[2, -0.34493969272716185], [6, 0.3331368067718428], [1, 0.27601260541512773], [14, -0.20817911825358015], [4, -0.1324359171366832], [7, 0.12579063977396582], [9, 0.10425717835825613], [10, 0.08863782997134766], [5, -0.07693591911702917], [0, 0.06803920803941867], [12, 0.04876343244433756], [11, 0.03615332081652394], [8, -0.03062723614345407], [3, 0.017633670617138487], [13, 0.002967274292470322]], "image_title": "00073_gun_wielder.jpg"}