{"sum_of_weights": [[0, -0.17188050855826], [11, 0.15554299475226713], [3, -0.23261736722287898], [7, 0.26960594624994727], [10, 0.21026168162854172], [2, -0.12929111155652978], [1, -0.24426911805676396], [8, 0.17669710821903534], [6, -0.021742211103318438], [5, 0.4131464100406792], [9, 0.15555764867387], [12, 0.18656976526478616], [4, 0.6051099397295089]], "sum_of_squares": [[0, 0.14690042201812556], [11, 0.07055548080557562], [3, 0.02624432219786168], [7, 0.04184196327911909], [10, 0.08070974039375997], [2, 0.06817544258871178], [1, 0.08107753923369027], [8, 0.06658750706842698], [6, 0.025200434765849284], [5, 0.10087693009884853], [9, 0.05076832980138559], [12, 0.02141181550061029], [4, 0.14895242870614414]], "iteration": 5, "standard_deviations": [[0, 0.18774440083107427], [11, 0.12817639814165757], [3, 0.06209298328136789], [7, 0.08262035165207965], [10, 0.13404080110315994], [2, 0.12731084427809672], [1, 0.13147628952252607], [8, 0.12282419698275364], [6, 0.07922419140817569], [5, 0.1291694031813923], [9, 0.10715490351495464], [12, 0.06010440923596789], [4, 0.13758708230994485]], "average_weights": [[0, -0.034376101711652], [11, 0.031108598950453425], [3, -0.046523473444575796], [7, 0.053921189249989454], [10, 0.042052336325708345], [2, -0.025858222311305957], [1, -0.04885382361135279], [8, 0.035339421643807066], [6, -0.004348442220663688], [5, 0.08262928200813584], [9, 0.031111529734774], [12, 0.03731395305295723], [4, 0.12102198794590177]], "image_title": "00513_gun_wielder.jpg"}