{"sum_of_weights": [[14, -0.2841415734230888], [13, 0.18191935435985343], [9, 0.10609861559625183], [1, -0.09672872847416938], [12, 0.07811223791736034], [15, 0.07111223906745162], [2, -0.06859744784003571], [8, -0.05057268805128506], [5, -0.0409830918107537], [6, 0.03876261023180076], [10, 0.03294221861379692], [3, 0.029874690201324116], [4, -0.020736470567869276], [7, -0.01957766354456276], [11, 0.015873639692413996], [16, -0.012038131308276065], [0, -0.00422075548306518]], "sum_of_squares": [[14, 0.08073643374734858], [13, 0.03309465149070592], [9, 0.011256916231441212], [1, 0.009356446912229586], [12, 0.006101521712458306], [15, 0.005056950545186393], [2, 0.00470560985016642], [8, 0.0025575967767325902], [5, 0.001679613814368667], [6, 0.0015025399519825052], [10, 0.0010851897671991882], [3, 0.0008924971146250911], [4, 0.0004300012116121087], [7, 0.00038328490986410177], [11, 0.0002519724370845811], [16, 0.0001449166053952964], [0, 1.7814776847824783e-05]], "iteration": 1, "standard_deviations": [[14, 0], [13, 0], [9, 0], [1, 0], [12, 0], [15, 0], [2, 0], [8, 0], [5, 0], [6, 0], [10, 0], [3, 0], [4, 0], [7, 0], [11, 0], [16, 0], [0, 0]], "average_weights": [[14, -0.2841415734230888], [13, 0.18191935435985343], [9, 0.10609861559625183], [1, -0.09672872847416938], [12, 0.07811223791736034], [15, 0.07111223906745162], [2, -0.06859744784003571], [8, -0.05057268805128506], [5, -0.0409830918107537], [6, 0.03876261023180076], [10, 0.03294221861379692], [3, 0.029874690201324116], [4, -0.020736470567869276], [7, -0.01957766354456276], [11, 0.015873639692413996], [16, -0.012038131308276065], [0, -0.00422075548306518]], "image_title": "00869_non-wielder.jpg"}