{"sum_of_weights": [[8, -0.23135655123599816], [4, -0.1754077921104973], [6, 0.23689577960913513], [11, -0.11150654232251936], [1, -0.26002360853076445], [9, -0.1617834352935705], [3, 0.18443795501264595], [5, -0.24019480548164274], [10, -0.8757802614921018], [0, 0.18300591120857745], [2, -0.13821381522457954], [12, 0.16763707437366746], [7, -0.05022490992395924]], "sum_of_squares": [[8, 0.09085539156610725], [4, 0.033607475471849904], [6, 0.049261783595088884], [11, 0.024735390374655643], [1, 0.028149830219707062], [9, 0.0431516947888499], [3, 0.030125312596586705], [5, 0.0810586261793858], [10, 0.19561973396155072], [0, 0.028569112663676566], [2, 0.019366863530750258], [12, 0.018434049675967838], [7, 0.023658474430812378]], "iteration": 5, "standard_deviations": [[8, 0.1415540716529767], [4, 0.08284608736270231], [6, 0.09751648772869757], [11, 0.0745799044289259], [1, 0.06047184225123916], [9, 0.09736133575728627], [3, 0.07635745010596108], [5, 0.13183314953314376], [10, 0.10273937983766972], [0, 0.07394403281573879], [2, 0.06234230463129233], [12, 0.05659861291377938], [7, 0.07608213672643273]], "average_weights": [[8, -0.04627131024719963], [4, -0.035081558422099465], [6, 0.047379155921827024], [11, -0.02230130846450387], [1, -0.05200472170615289], [9, -0.0323566870587141], [3, 0.03688759100252919], [5, -0.04803896109632855], [10, -0.17515605229842035], [0, 0.03660118224171549], [2, -0.02764276304491591], [12, 0.03352741487473349], [7, -0.010044981984791848]], "image_title": "01350_non-wielder.jpg"}