{"sum_of_weights": [[4, -0.17853783057186523], [6, 0.36541914891584293], [7, -0.3977253419720876], [8, 0.7174175144906858], [3, -0.728898917671434], [9, 0.422055132114421], [1, 0.11499322473180434], [5, 0.15098080580228826], [2, -0.4189928174787702], [0, -0.2796582050654731]], "sum_of_squares": [[4, 0.3430015124027011], [6, 0.20459231923236557], [7, 0.3259523857891506], [8, 0.15962543012579872], [3, 0.31551826691009777], [9, 0.14025358284682016], [1, 0.13221493975962023], [5, 0.3085548999321662], [2, 0.39279736557973927], [0, 0.07237841383995919]], "iteration": 17, "standard_deviations": [[4, 0.14601508224249185], [6, 0.11088776573760879], [7, 0.14067856967591605], [8, 0.0899130385027459], [3, 0.1332914335936302], [9, 0.09006085307617381], [1, 0.0906356339436381], [5, 0.13856722321576764], [2, 0.15461051912501222], [0, 0.06508547331650942]], "average_weights": [[4, -0.010502225327756779], [6, 0.021495244053873114], [7, -0.02339560835129927], [8, 0.04220103026415799], [3, -0.04287640692184906], [9, 0.024826772477318883], [1, 0.0067643073371649615], [5, 0.008881223870722838], [2, -0.0246466363222806], [0, -0.016450482650910182]], "image_title": "00784_gun_wielder.jpg"}